INSERT INTO `__TABLES` (`TABLE_NAME`,`ENGINE`,`ROW_FORMAT`,`TABLE_COLLATION`,`CREATE_OPTIONS`,`TABLE_COMMENT`) VALUES ('t_admin','InnoDB','Compact','utf8_general_ci','row_format=COMPACT',''),
('t_admin_group_user','InnoDB','Compact','utf8_general_ci','row_format=COMPACT',''),
('t_answer','InnoDB','Compact','utf8_general_ci','row_format=COMPACT',''),
('t_answer_import','InnoDB','Compact','utf8_general_ci','row_format=COMPACT',''),
('t_common_cde','InnoDB','Compact','utf8_general_ci','row_format=COMPACT',''),
('t_course','InnoDB','Compact','utf8_general_ci','row_format=COMPACT',''),
('t_course_appraise','InnoDB','Compact','utf8_general_ci','row_format=COMPACT',''),
('t_course_att','InnoDB','Compact','utf8_general_ci','row_format=COMPACT',''),
('t_course_exam','InnoDB','Compact','utf8_general_ci','row_format=COMPACT',''),
('t_course_group','InnoDB','Compact','utf8_general_ci','row_format=COMPACT',''),
('t_course_group_user','MyISAM','Dynamic','utf8_general_ci','',''),
('t_course_teacher','InnoDB','Compact','utf8_general_ci','row_format=COMPACT',''),
('t_course_warelist','InnoDB','Compact','utf8_general_ci','row_format=COMPACT',''),
('t_courseware','InnoDB','Compact','utf8_general_ci','row_format=COMPACT',''),
('t_data_stratified_data','MyISAM','Dynamic','utf8_general_ci','',''),
('t_data_stratified_permissions','MyISAM','Dynamic','utf8_general_ci','',''),
('t_data_stratified_user','MyISAM','Dynamic','utf8_general_ci','',''),
('t_exam','InnoDB','Compact','utf8_general_ci','row_format=COMPACT',''),
('t_exam_exclude_user','InnoDB','Compact','utf8_general_ci','row_format=COMPACT',''),
('t_exam_group','InnoDB','Compact','utf8_general_ci','row_format=COMPACT',''),
('t_exam_marker','InnoDB','Compact','utf8_general_ci','row_format=COMPACT',''),
('t_exam_papr','InnoDB','Compact','utf8_general_ci','row_format=COMPACT',''),
('t_exam_user','MyISAM','Dynamic','utf8_general_ci','',''),
('t_exam_user_signup','InnoDB','Compact','utf8_general_ci','row_format=COMPACT',''),
('t_global_id','InnoDB','Compact','utf8_general_ci','row_format=COMPACT',''),
('t_group','InnoDB','Compact','utf8_general_ci','row_format=COMPACT',''),
('t_invite','InnoDB','Compact','utf8_general_ci','row_format=COMPACT',''),
('t_invite_content','InnoDB','Compact','utf8_general_ci','row_format=COMPACT',''),
('t_invite_log','InnoDB','Compact','utf8_general_ci','row_format=COMPACT',''),
('t_invite_target','InnoDB','Compact','utf8_general_ci','row_format=COMPACT',''),
('t_message','InnoDB','Compact','utf8_general_ci','row_format=COMPACT',''),
('t_notice','InnoDB','Compact','utf8_general_ci','row_format=COMPACT',''),
('t_option','InnoDB','Compact','utf8_general_ci','row_format=COMPACT',''),
('t_option_import','InnoDB','Compact','utf8_general_ci','row_format=COMPACT',''),
('t_paper','InnoDB','Compact','utf8_general_ci','row_format=COMPACT',''),
('t_papr_content','InnoDB','Compact','utf8_general_ci','row_format=COMPACT',''),
('t_papr_qsn_type','InnoDB','Compact','utf8_general_ci','row_format=COMPACT',''),
('t_papr_qsn_type_category','InnoDB','Compact','utf8_general_ci','row_format=COMPACT',''),
('t_papr_qsn_type_level','InnoDB','Compact','utf8_general_ci','row_format=COMPACT',''),
('t_qsn_sub_position','InnoDB','Compact','utf8_general_ci','row_format=COMPACT',''),
('t_qsn_sub_position_import','InnoDB','Compact','utf8_general_ci','row_format=COMPACT',''),
('t_question','InnoDB','Compact','utf8_general_ci','row_format=COMPACT',''),
('t_question_import','InnoDB','Compact','utf8_general_ci','row_format=COMPACT',''),
('t_rechargeable_card','InnoDB','Compact','utf8_general_ci','row_format=COMPACT',''),
('t_role_user','MyISAM','Fixed','utf8_general_ci','',''),
('t_setting','InnoDB','Compact','utf8_general_ci','row_format=COMPACT',''),
('t_study_cmut_answer','InnoDB','Compact','utf8_general_ci','row_format=COMPACT',''),
('t_study_cmut_ask','InnoDB','Compact','utf8_general_ci','row_format=COMPACT',''),
('t_study_plan','InnoDB','Compact','utf8_general_ci','row_format=COMPACT',''),
('t_study_plan_course','InnoDB','Compact','utf8_general_ci','row_format=COMPACT',''),
('t_study_plan_course_condition','InnoDB','Compact','utf8_general_ci','row_format=COMPACT',''),
('t_study_plan_exam','InnoDB','Compact','utf8_general_ci','row_format=COMPACT',''),
('t_study_plan_group','MyISAM','Dynamic','utf8_general_ci','',''),
('t_study_plan_groupuser','InnoDB','Compact','utf8_general_ci','row_format=COMPACT',''),
('t_study_plan_user_course','InnoDB','Compact','utf8_general_ci','row_format=COMPACT',''),
('t_tag','InnoDB','Compact','utf8_general_ci','row_format=COMPACT',''),
('t_tag_obj','InnoDB','Compact','utf8_general_ci','row_format=COMPACT',''),
('t_teacher','InnoDB','Compact','utf8_general_ci','row_format=COMPACT',''),
('t_train_group','InnoDB','Compact','utf8_general_ci','row_format=COMPACT',''),
('t_url_permissions_basic','MyISAM','Dynamic','utf8_general_ci','',''),
('t_url_permissions_package','MyISAM','Dynamic','utf8_general_ci','',''),
('t_url_permissions_user','MyISAM','Dynamic','utf8_general_ci','',''),
('t_user','InnoDB','Compact','utf8_general_ci','row_format=COMPACT',''),
('t_user_course','InnoDB','Compact','utf8_general_ci','row_format=COMPACT',''),
('t_user_courseware','InnoDB','Compact','utf8_general_ci','row_format=COMPACT',''),
('t_user_courseware_note','InnoDB','Compact','utf8_general_ci','row_format=COMPACT',''),
('t_user_exam','InnoDB','Compact','utf8_general_ci','row_format=COMPACT',''),
('t_user_exam_answer','InnoDB','Compact','utf8_general_ci','row_format=COMPACT',''),
('t_user_exam_answer_storage','InnoDB','Compact','utf8_general_ci','row_format=COMPACT',''),
('t_user_exam_info','InnoDB','Compact','utf8_general_ci','row_format=COMPACT',''),
('t_user_exam_monitor','InnoDB','Compact','utf8_general_ci','row_format=COMPACT',''),
('t_user_exam_storage','InnoDB','Compact','utf8_general_ci','row_format=COMPACT',''),
('t_user_group','InnoDB','Compact','utf8_general_ci','row_format=COMPACT',''),
('t_user_learning_history','MyISAM','Dynamic','utf8_general_ci','',''),
('t_user_pass_teacher_rating','MyISAM','Dynamic','utf8_general_ci','',''),
('t_user_plan_application','MyISAM','Dynamic','utf8_general_ci','',''),
('t_user_random_papr_content','InnoDB','Compact','utf8_general_ci','row_format=COMPACT',''),
('t_user_realtime_status','MEMORY','Fixed','utf8_general_ci','',''),
('t_vote','InnoDB','Compact','utf8_general_ci','row_format=COMPACT',''),
('t_vote_selection','InnoDB','Compact','utf8_general_ci','row_format=COMPACT',''),
('t_vote_user','InnoDB','Compact','utf8_general_ci','row_format=COMPACT','');
INSERT INTO `__COLUMNS` (`TABLE_NAME`,`COLUMN_NAME`,`ORDINAL_POSITION`,`COLUMN_DEFAULT`,`IS_NULLABLE`,`CHARACTER_SET_NAME`,`COLLATION_NAME`,`COLUMN_TYPE`,`EXTRA`,`COLUMN_COMMENT`) VALUES ('t_admin','user_id','1',NULL,'NO',NULL,NULL,'int(10)','',''),
('t_admin','username','2',NULL,'YES','utf8','utf8_general_ci','varchar(30)','',''),
('t_admin','pwd','3',NULL,'YES','utf8','utf8_general_ci','varchar(50)','',''),
('t_admin','login_count','4',NULL,'YES',NULL,NULL,'int(10)','',''),
('t_admin','last_login_tm','5',NULL,'YES',NULL,NULL,'datetime','',''),
('t_admin','last_login_ip','6',NULL,'YES','utf8','utf8_general_ci','varchar(15)','',''),
('t_admin_group_user','user_id','1',NULL,'NO',NULL,NULL,'int(10)','',''),
('t_admin_group_user','group_id','2',NULL,'NO',NULL,NULL,'int(10)','',''),
('t_admin_group_user','create_user_id','3',NULL,'NO',NULL,NULL,'int(10)','',''),
('t_admin_group_user','create_tm','4',NULL,'NO',NULL,NULL,'datetime','',''),
('t_answer','qsn_id','1',NULL,'NO','utf8','utf8_general_ci','varchar(32)','',''),
('t_answer','qsn_sub_id','2',NULL,'NO','utf8','utf8_general_ci','varchar(32)','',''),
('t_answer','qsn_item_id','3',NULL,'NO',NULL,NULL,'int(5)','',''),
('t_answer','qsn_type','4',NULL,'NO','utf8','utf8_general_ci','varchar(20)','',''),
('t_answer','qsn_answer','5',NULL,'NO','utf8','utf8_general_ci','text','',''),
('t_answer','create_tm','6',NULL,'NO',NULL,NULL,'datetime','',''),
('t_answer','create_user_id','7',NULL,'NO',NULL,NULL,'int(10)','',''),
('t_answer','update_tm','8',NULL,'YES',NULL,NULL,'datetime','',''),
('t_answer','update_user_id','9',NULL,'YES',NULL,NULL,'int(10)','',''),
('t_answer_import','qsn_id','1',NULL,'NO','utf8','utf8_general_ci','varchar(32)','',''),
('t_answer_import','qsn_sub_id','2',NULL,'NO','utf8','utf8_general_ci','varchar(32)','',''),
('t_answer_import','qsn_item_id','3',NULL,'NO',NULL,NULL,'int(5)','',''),
('t_answer_import','qsn_type','4',NULL,'NO','utf8','utf8_general_ci','varchar(20)','',''),
('t_answer_import','qsn_answer','5',NULL,'NO','utf8','utf8_general_ci','text','',''),
('t_answer_import','create_tm','6','0000-00-00 00:00:00','NO',NULL,NULL,'datetime','',''),
('t_answer_import','create_user_id','7',NULL,'NO',NULL,NULL,'int(10)','',''),
('t_answer_import','update_tm','8',NULL,'YES',NULL,NULL,'datetime','',''),
('t_answer_import','update_user_id','9',NULL,'YES',NULL,NULL,'int(10)','',''),
('t_common_cde','p_cde','1',NULL,'NO','utf8','utf8_general_ci','varchar(20)','',''),
('t_common_cde','c_cde','2',NULL,'NO','utf8','utf8_general_ci','varchar(20)','',''),
('t_common_cde','desc_cn','3',NULL,'YES','utf8','utf8_general_ci','varchar(255)','',''),
('t_common_cde','create_tm','4',NULL,'YES',NULL,NULL,'datetime','',''),
('t_common_cde','create_user_id','5',NULL,'YES',NULL,NULL,'int(10)','',''),
('t_common_cde','update_tm','6',NULL,'YES',NULL,NULL,'datetime','',''),
('t_common_cde','update_user_id','7',NULL,'YES',NULL,NULL,'int(10)','',''),
('t_course','c_id','1',NULL,'NO','utf8','utf8_general_ci','varchar(32)','',''),
('t_course','c_name','2',NULL,'NO','utf8','utf8_general_ci','varchar(1000)','',''),
('t_course','c_category','3',NULL,'YES','utf8','utf8_general_ci','varchar(20)','',''),
('t_course','c_status','4',NULL,'NO',NULL,NULL,'tinyint(1) unsigned','',''),
('t_course','c_des','5',NULL,'YES','utf8','utf8_general_ci','text','',''),
('t_course','c_click','6','0','NO',NULL,NULL,'int(10) unsigned','',''),
('t_course','c_elective','7','0','YES',NULL,NULL,'tinyint(1) unsigned','',''),
('t_course','c_approve','8','0','YES',NULL,NULL,'tinyint(1) unsigned','',''),
('t_course','c_pass_condition','9',NULL,'YES','utf8','utf8_general_ci','varchar(20)','',''),
('t_course','create_user_id','10',NULL,'NO','utf8','utf8_general_ci','varchar(50)','',''),
('t_course','create_tm','11',NULL,'NO',NULL,NULL,'datetime','',''),
('t_course','update_user_id','12',NULL,'YES','utf8','utf8_general_ci','varchar(50)','',''),
('t_course','update_tm','13',NULL,'YES',NULL,NULL,'datetime','',''),
('t_course','c_start_time','14',NULL,'YES',NULL,NULL,'timestamp','','开始学习时间'),
('t_course','c_end_time','15',NULL,'YES',NULL,NULL,'timestamp','','结束学习时间'),
('t_course','c_allow_ip','16',NULL,'NO','utf8','utf8_general_ci','text','',''),
('t_course','frontCoverImg','17','','NO','utf8','utf8_general_ci','varchar(200)','','封面图片'),
('t_course','c_isModifyProgress','18','1','NO',NULL,NULL,'tinyint(1)','',''),
('t_course_appraise','user_id','1',NULL,'NO',NULL,NULL,'int(10) unsigned','',''),
('t_course_appraise','c_id','2','0','NO','utf8','utf8_general_ci','varchar(32)','',''),
('t_course_appraise','score','3',NULL,'YES',NULL,NULL,'int(4) unsigned','',''),
('t_course_appraise','create_tm','4',NULL,'YES',NULL,NULL,'datetime','',''),
('t_course_att','c_att_id','1',NULL,'NO','utf8','utf8_general_ci','varchar(32)','',''),
('t_course_att','c_id','2',NULL,'NO','utf8','utf8_general_ci','varchar(32)','',''),
('t_course_att','c_att_name','3',NULL,'YES','utf8','utf8_general_ci','varchar(200)','',''),
('t_course_att','c_att_old_name','4',NULL,'YES','utf8','utf8_general_ci','varchar(200)','',''),
('t_course_att','create_user_id','5',NULL,'NO','utf8','utf8_general_ci','varchar(50)','',''),
('t_course_att','create_tm','6',NULL,'NO',NULL,NULL,'datetime','',''),
('t_course_att','update_user_id','7',NULL,'YES','utf8','utf8_general_ci','varchar(50)','',''),
('t_course_att','update_tm','8',NULL,'YES',NULL,NULL,'datetime','',''),
('t_course_exam','c_id','1',NULL,'NO','utf8','utf8_general_ci','varchar(32)','',''),
('t_course_exam','exam_id','2',NULL,'NO','utf8','utf8_general_ci','varchar(32)','',''),
('t_course_exam','create_user_id','3',NULL,'NO','utf8','utf8_general_ci','varchar(50)','',''),
('t_course_exam','create_tm','4',NULL,'NO',NULL,NULL,'datetime','',''),
('t_course_group','c_id','1',NULL,'NO','utf8','utf8_general_ci','varchar(32)','',''),
('t_course_group','group_id','2',NULL,'NO',NULL,NULL,'int(10)','',''),
('t_course_group','is_include_sub','3','0','NO',NULL,NULL,'tinyint(4)','',''),
('t_course_group','type','4','1','NO',NULL,NULL,'tinyint(4)','',''),
('t_course_group_user','c_id','1',NULL,'NO','utf8','utf8_general_ci','varchar(32)','',''),
('t_course_group_user','user_id','2',NULL,'NO',NULL,NULL,'int(10)','',''),
('t_course_group_user','type','3','1','NO',NULL,NULL,'tinyint(4)','',''),
('t_course_teacher','e_id','1',NULL,'NO',NULL,NULL,'int(10) unsigned','',''),
('t_course_teacher','c_id','2',NULL,'NO','utf8','utf8_general_ci','varchar(32)','',''),
('t_course_teacher','create_user_id','3',NULL,'NO','utf8','utf8_general_ci','varchar(50)','',''),
('t_course_teacher','create_tm','4',NULL,'NO',NULL,NULL,'datetime','',''),
('t_course_warelist','w_id','1',NULL,'NO','utf8','utf8_general_ci','varchar(32)','',''),
('t_course_warelist','c_id','2',NULL,'NO','utf8','utf8_general_ci','varchar(32)','',''),
('t_course_warelist','w_sequence','3',NULL,'YES',NULL,NULL,'int(10) unsigned','',''),
('t_course_warelist','create_user_id','4',NULL,'YES','utf8','utf8_general_ci','varchar(50)','',''),
('t_course_warelist','create_tm','5',NULL,'NO',NULL,NULL,'datetime','',''),
('t_courseware','w_id','1','0','NO','utf8','utf8_general_ci','varchar(32)','',''),
('t_courseware','w_name','2',NULL,'YES','utf8','utf8_general_ci','varchar(1000)','',''),
('t_courseware','w_status','3','0','YES','utf8','utf8_general_ci','varchar(30)','',''),
('t_courseware','w_credit','4','0','YES',NULL,NULL,'int(10)','',''),
('t_courseware','w_category','5',NULL,'NO','utf8','utf8_general_ci','varchar(20)','',''),
('t_courseware','w_type','6',NULL,'YES','utf8','utf8_general_ci','varchar(20)','',''),
('t_courseware','w_source','7',NULL,'YES','utf8','utf8_general_ci','varchar(20)','',''),
('t_courseware','w_video','8',NULL,'YES','utf8','utf8_general_ci','mediumtext','',''),
('t_courseware','w_des','9',NULL,'NO','utf8','utf8_general_ci','mediumtext','',''),
('t_courseware','w_length','10',NULL,'YES',NULL,NULL,'float','',''),
('t_courseware','create_user_id','11',NULL,'YES','utf8','utf8_general_ci','varchar(50)','',''),
('t_courseware','create_tm','12',NULL,'YES',NULL,NULL,'datetime','',''),
('t_courseware','update_user_id','13',NULL,'YES','utf8','utf8_general_ci','varchar(50)','',''),
('t_courseware','update_tm','14',NULL,'YES',NULL,NULL,'datetime','',''),
('t_courseware','w_des_h','15',NULL,'YES','utf8','utf8_general_ci','mediumtext','',''),
('t_courseware','w_point','16','0','NO',NULL,NULL,'int(10)','',''),
('t_data_stratified_data','id','1','','NO','utf8','utf8_general_ci','varchar(64)','','数据ID'),
('t_data_stratified_data','tablename','2','','NO','utf8','utf8_general_ci','varchar(100)','','数据所在表名'),
('t_data_stratified_data','stratifiedlist','3','','NO','utf8','utf8_general_ci','varchar(1000)','','关联权限列表:\"id\"|\"id\"...'),
('t_data_stratified_permissions','id','1',NULL,'NO',NULL,NULL,'int(10)','auto_increment','权限ID'),
('t_data_stratified_permissions','pid','2','0','NO',NULL,NULL,'int(10)','','当前权限的父ID'),
('t_data_stratified_permissions','pidlist','3','','NO','utf8','utf8_general_ci','varchar(2000)','','当前权限的父列表字符串:\"id\",\"id\"...'),
('t_data_stratified_permissions','name','4','','NO','utf8','utf8_general_ci','varchar(200)','','当前权限名称'),
('t_data_stratified_user','id','1',NULL,'NO','utf8','utf8_general_ci','varchar(32)','','关联用户ID'),
('t_data_stratified_user','stratifiedid','2','','NO','utf8','utf8_general_ci','varchar(32)','','关联分组权限ID'),
('t_data_stratified_user','is_include_sub','3','0','NO',NULL,NULL,'tinyint(1)','','是否被子节点继承,1=继承,0=不继承'),
('t_data_stratified_user','type','4','1','NO',NULL,NULL,'tinyint(1)','','当前ID包含或排除的类型,1=包含,0=排除'),
('t_exam','exam_id','1',NULL,'NO','utf8','utf8_general_ci','varchar(32)','',''),
('t_exam','exam_name','2',NULL,'NO','utf8','utf8_general_ci','varchar(1000)','',''),
('t_exam','exam_notice','3',NULL,'YES','utf8','utf8_general_ci','text','',''),
('t_exam','exam_status','4',NULL,'NO','utf8','utf8_general_ci','varchar(20)','',''),
('t_exam','exam_category','5',NULL,'YES','utf8','utf8_general_ci','varchar(20)','',''),
('t_exam','exam_total_tm','6',NULL,'YES',NULL,NULL,'int(11) unsigned','',''),
('t_exam','exam_begin_tm','7','0000-00-00 00:00:00','NO',NULL,NULL,'datetime','',''),
('t_exam','exam_end_tm','8','0000-00-00 00:00:00','NO',NULL,NULL,'datetime','',''),
('t_exam','exam_mode','9',NULL,'YES','utf8','utf8_general_ci','varchar(20)','',''),
('t_exam','exam_times','10',NULL,'YES',NULL,NULL,'int(11) unsigned','',''),
('t_exam','exam_point_type','11',NULL,'YES','utf8','utf8_general_ci','varchar(20)','',''),
('t_exam','exam_point','12',NULL,'YES',NULL,NULL,'float unsigned','',''),
('t_exam','exam_passing_grade','13',NULL,'YES',NULL,NULL,'float unsigned','',''),
('t_exam','exam_manual','14',NULL,'YES',NULL,NULL,'tinyint(1) unsigned','',''),
('t_exam','exam_all_person','15',NULL,'NO',NULL,NULL,'tinyint(1) unsigned','',''),
('t_exam','exam_group_person','16',NULL,'NO',NULL,NULL,'tinyint(1) unsigned','',''),
('t_exam','exam_spec_person','17',NULL,'YES',NULL,NULL,'tinyint(1) unsigned','',''),
('t_exam','exam_publish_result_tm','18',NULL,'YES',NULL,NULL,'datetime','',''),
('t_exam','exam_user_count','19',NULL,'YES',NULL,NULL,'int(10) unsigned','',''),
('t_exam','exam_recovery_time','20',NULL,'YES',NULL,NULL,'int(10) unsigned','',''),
('t_exam','exam_allow_ip','21',NULL,'YES','utf8','utf8_general_ci','text','',''),
('t_exam','create_user_id','22',NULL,'NO',NULL,NULL,'int(10)','',''),
('t_exam','create_tm','23',NULL,'NO',NULL,NULL,'datetime','',''),
('t_exam','update_user_id','24',NULL,'YES',NULL,NULL,'int(10)','',''),
('t_exam','update_tm','25',NULL,'YES',NULL,NULL,'datetime','',''),
('t_exam','exam_time_consistency_flg','26',NULL,'YES',NULL,NULL,'tinyint(1) unsigned','',''),
('t_exam','exam_cloze_flg','27',NULL,'YES',NULL,NULL,'tinyint(1) unsigned','',''),
('t_exam','exam_publish_answer_flg','28',NULL,'YES',NULL,NULL,'tinyint(1) unsigned','',''),
('t_exam','exam_publish_result_flg','29',NULL,'YES',NULL,NULL,'tinyint(1) unsigned','',''),
('t_exam','exam_blank_flg','30',NULL,'YES',NULL,NULL,'tinyint(1) unsigned','',''),
('t_exam','exam_full_screen_flg','31',NULL,'YES',NULL,NULL,'tinyint(1) unsigned','',''),
('t_exam','exam_mouse_right_flg','32',NULL,'YES',NULL,NULL,'tinyint(1) unsigned','',''),
('t_exam','exam_disable_paste_flg','33',NULL,'YES',NULL,NULL,'tinyint(1) unsigned','',''),
('t_exam','exam_submit_display_result','34',NULL,'YES',NULL,NULL,'tinyint(1) unsigned','',''),
('t_exam','exam_ie_only_flg','35',NULL,'YES',NULL,NULL,'tinyint(1) unsigned','',''),
('t_exam','exam_paper_only_one_flg','36',NULL,'YES',NULL,NULL,'tinyint(1) unsigned','',''),
('t_exam','exam_passing_again_flg','37',NULL,'YES',NULL,NULL,'tinyint(1) unsigned','',''),
('t_exam','exam_qsn_random_flg','38',NULL,'YES',NULL,NULL,'tinyint(1) unsigned','',''),
('t_exam','exam_disable_monitor_flg','39',NULL,'YES',NULL,NULL,'tinyint(1) unsigned','',''),
('t_exam','exam_recovery_flg','40',NULL,'YES',NULL,NULL,'tinyint(1) unsigned','',''),
('t_exam','exam_user_verify_flg','41',NULL,'YES',NULL,NULL,'tinyint(1) unsigned','',''),
('t_exam','exam_user_signup_flg','42',NULL,'YES',NULL,NULL,'tinyint(1) unsigned','',''),
('t_exam','exam_disable_minute','43',NULL,'YES',NULL,NULL,'int(10) unsigned','',''),
('t_exam','exam_type','44','0','NO',NULL,NULL,'tinyint(4)','',''),
('t_exam','exam_disable_submit','45','0','YES',NULL,NULL,'int(10) unsigned','','考试多少分之内不能交卷，0或者null为不限制'),
('t_exam_exclude_user','exam_id','1',NULL,'NO','utf8','utf8_general_ci','varchar(32)','',''),
('t_exam_exclude_user','user_id','2',NULL,'NO',NULL,NULL,'int(10)','',''),
('t_exam_exclude_user','papr_id','3',NULL,'YES','utf8','utf8_general_ci','varchar(32)','',''),
('t_exam_group','exam_id','1',NULL,'NO','utf8','utf8_general_ci','varchar(32)','',''),
('t_exam_group','group_id','2',NULL,'NO',NULL,NULL,'int(10)','',''),
('t_exam_group','group_pid','3','0','NO',NULL,NULL,'int(10)','',''),
('t_exam_group','papr_id','4','','NO','utf8','utf8_general_ci','varchar(32)','',''),
('t_exam_group','is_include_sub','5','0','NO',NULL,NULL,'tinyint(4)','',''),
('t_exam_marker','exam_id','1',NULL,'NO','utf8','utf8_general_ci','varchar(32)','',''),
('t_exam_marker','user_id','2',NULL,'NO',NULL,NULL,'int(10)','',''),
('t_exam_papr','exam_id','1',NULL,'NO','utf8','utf8_general_ci','varchar(32)','',''),
('t_exam_papr','papr_id','2',NULL,'NO','utf8','utf8_general_ci','varchar(32)','',''),
('t_exam_user','exam_id','1',NULL,'NO','utf8','utf8_general_ci','varchar(32)','',''),
('t_exam_user','user_id','2',NULL,'NO',NULL,NULL,'int(10)','',''),
('t_exam_user_signup','exam_id','1',NULL,'NO','utf8','utf8_general_ci','varchar(32)','',''),
('t_exam_user_signup','user_id','2',NULL,'NO',NULL,NULL,'int(10)','',''),
('t_exam_user_signup','verify_status','3',NULL,'NO','utf8','utf8_general_ci','varchar(20)','',''),
('t_exam_user_signup','signup_tm','4',NULL,'NO',NULL,NULL,'datetime','',''),
('t_exam_user_signup','verify_user_id','5',NULL,'YES',NULL,NULL,'int(10)','',''),
('t_exam_user_signup','verify_tm','6',NULL,'YES',NULL,NULL,'datetime','',''),
('t_exam_user_signup','app_content','7',NULL,'YES','utf8','utf8_general_ci','varchar(2000)','',''),
('t_exam_user_signup','veri_content','8',NULL,'YES','utf8','utf8_general_ci','varchar(2000)','',''),
('t_global_id','gid','1','0','NO','utf8','utf8_general_ci','varchar(11)','',''),
('t_group','group_id','1',NULL,'NO',NULL,NULL,'int(10) unsigned','auto_increment',''),
('t_group','group_pid','2',NULL,'NO',NULL,NULL,'int(10) unsigned','',''),
('t_group','group_id2','3',NULL,'YES','utf8','utf8_general_ci','varchar(50)','',''),
('t_group','group_pid2','4',NULL,'YES','utf8','utf8_general_ci','varchar(50)','',''),
('t_group','group_name','5',NULL,'NO','utf8','utf8_general_ci','varchar(50)','',''),
('t_group','group_type','6',NULL,'YES','utf8','utf8_general_ci','varchar(30)','',''),
('t_group','group_desc','7',NULL,'YES','utf8','utf8_general_ci','varchar(255)','',''),
('t_group','create_user_id','8',NULL,'NO','utf8','utf8_general_ci','varchar(50)','',''),
('t_group','create_tm','9',NULL,'NO',NULL,NULL,'datetime','',''),
('t_group','update_user_id','10',NULL,'YES','utf8','utf8_general_ci','varchar(50)','',''),
('t_group','update_tm','11',NULL,'YES',NULL,NULL,'datetime','',''),
('t_invite','id','1',NULL,'NO',NULL,NULL,'int(10) unsigned','auto_increment',''),
('t_invite','p_id','2',NULL,'YES','utf8','utf8_general_ci','varchar(32)','',''),
('t_invite','c_id','3',NULL,'YES','utf8','utf8_general_ci','varchar(32)','',''),
('t_invite','exam_id','4',NULL,'YES','utf8','utf8_general_ci','varchar(32)','',''),
('t_invite','send_tm','5',NULL,'YES',NULL,NULL,'datetime','',''),
('t_invite','loop_flg','6','0','NO',NULL,NULL,'int(10) unsigned','',''),
('t_invite','link_flg','7','1','NO',NULL,NULL,'tinyint(3) unsigned','',''),
('t_invite','invite_content','8',NULL,'YES','utf8','utf8_general_ci','text','',''),
('t_invite','create_tm','9',NULL,'NO',NULL,NULL,'datetime','','');
INSERT INTO `__COLUMNS` (`TABLE_NAME`,`COLUMN_NAME`,`ORDINAL_POSITION`,`COLUMN_DEFAULT`,`IS_NULLABLE`,`CHARACTER_SET_NAME`,`COLLATION_NAME`,`COLUMN_TYPE`,`EXTRA`,`COLUMN_COMMENT`) VALUES ('t_invite','invite_state','10','0','NO',NULL,NULL,'int(10) unsigned','',''),
('t_invite','create_admin_id','11','0','NO',NULL,NULL,'int(10) unsigned','',''),
('t_invite','invite_type','12','0','NO',NULL,NULL,'int(10) unsigned','',''),
('t_invite','user_type','13','1','NO',NULL,NULL,'int(10) unsigned','',''),
('t_invite','user_content','14',NULL,'YES','utf8','utf8_general_ci','text','',''),
('t_invite_content','invite_content_id','1',NULL,'NO',NULL,NULL,'int(10) unsigned','auto_increment',''),
('t_invite_content','invite_id','2',NULL,'NO',NULL,NULL,'int(10) unsigned','',''),
('t_invite_content','content_id','3',NULL,'NO','utf8','utf8_general_ci','varchar(32)','',''),
('t_invite_log','id','1',NULL,'NO',NULL,NULL,'int(10) unsigned','auto_increment',''),
('t_invite_log','invite_id','2',NULL,'NO',NULL,NULL,'int(10) unsigned','',''),
('t_invite_log','remark','3',NULL,'YES','utf8','utf8_general_ci','varchar(255)','',''),
('t_invite_log','send_tm','4',NULL,'NO',NULL,NULL,'datetime','',''),
('t_invite_log','send_type','5','1','NO',NULL,NULL,'int(10) unsigned','','1立刻发送2定点发送3自动发送'),
('t_invite_target','invite_target_id','1',NULL,'NO',NULL,NULL,'int(10) unsigned','auto_increment',''),
('t_invite_target','invite_id','2',NULL,'NO',NULL,NULL,'int(10) unsigned','',''),
('t_invite_target','target_id','3',NULL,'NO','utf8','utf8_general_ci','varchar(255)','',''),
('t_invite_target','is_include_sub','4','1','NO',NULL,NULL,'tinyint(3) unsigned','',''),
('t_message','msg_id','1',NULL,'NO','utf8','utf8_general_ci','varchar(32)','',''),
('t_message','msg_title','2',NULL,'YES','utf8','utf8_general_ci','varchar(100)','',''),
('t_message','msg_content','3',NULL,'YES','utf8','utf8_general_ci','varchar(2000)','',''),
('t_message','msg_folder','4','inbox','NO','utf8','utf8_general_ci','enum(\'inbox\',\'outbox\')','',''),
('t_message','msg_status','5',NULL,'YES','utf8','utf8_general_ci','varchar(20)','',''),
('t_message','sender_id','6','0','NO',NULL,NULL,'int(10)','',''),
('t_message','recipients_id','7','0','NO',NULL,NULL,'int(10)','',''),
('t_message','create_tm','8',NULL,'YES',NULL,NULL,'datetime','',''),
('t_notice','notice_id','1',NULL,'NO',NULL,NULL,'int(10) unsigned','auto_increment',''),
('t_notice','notice_status','2',NULL,'NO','utf8','utf8_general_ci','varchar(20)','',''),
('t_notice','group_id','3',NULL,'NO',NULL,NULL,'int(10)','',''),
('t_notice','notice_title','4',NULL,'NO','utf8','utf8_general_ci','varchar(100)','',''),
('t_notice','notice_content','5',NULL,'YES','utf8','utf8_general_ci','text','',''),
('t_notice','create_user_id','6',NULL,'YES',NULL,NULL,'int(10)','',''),
('t_notice','create_tm','7',NULL,'YES',NULL,NULL,'datetime','',''),
('t_notice','update_user_id','8',NULL,'YES',NULL,NULL,'int(10)','',''),
('t_notice','update_tm','9',NULL,'YES',NULL,NULL,'datetime','',''),
('t_option','qsn_id','1',NULL,'NO','utf8','utf8_general_ci','varchar(32)','',''),
('t_option','qsn_sub_id','2',NULL,'NO','utf8','utf8_general_ci','varchar(32)','',''),
('t_option','qsn_item_id','3',NULL,'NO',NULL,NULL,'int(5)','',''),
('t_option','qsn_item_sub_id','4',NULL,'NO',NULL,NULL,'int(5)','',''),
('t_option','qsn_type','5',NULL,'NO','utf8','utf8_general_ci','varchar(20)','',''),
('t_option','option_content','6',NULL,'NO','utf8','utf8_general_ci','text','',''),
('t_option','option_content_edit','7',NULL,'NO','utf8','utf8_general_ci','text','',''),
('t_option','create_tm','8',NULL,'NO',NULL,NULL,'datetime','',''),
('t_option','create_user_id','9',NULL,'NO',NULL,NULL,'int(10)','',''),
('t_option','update_tm','10',NULL,'YES',NULL,NULL,'datetime','',''),
('t_option','update_user_id','11',NULL,'YES',NULL,NULL,'int(10)','',''),
('t_option','qsn_item_tag','12',NULL,'NO','utf8','utf8_general_ci','varchar(3)','',''),
('t_option_import','qsn_id','1',NULL,'NO','utf8','utf8_general_ci','varchar(32)','',''),
('t_option_import','qsn_sub_id','2',NULL,'NO','utf8','utf8_general_ci','varchar(32)','',''),
('t_option_import','qsn_item_id','3',NULL,'NO',NULL,NULL,'int(5)','',''),
('t_option_import','qsn_item_sub_id','4','0','NO',NULL,NULL,'int(5)','',''),
('t_option_import','qsn_type','5',NULL,'NO','utf8','utf8_general_ci','varchar(20)','',''),
('t_option_import','option_content','6',NULL,'NO','utf8','utf8_general_ci','text','',''),
('t_option_import','option_content_edit','7',NULL,'NO','utf8','utf8_general_ci','text','',''),
('t_option_import','create_tm','8','0000-00-00 00:00:00','NO',NULL,NULL,'datetime','',''),
('t_option_import','create_user_id','9',NULL,'NO',NULL,NULL,'int(10)','',''),
('t_option_import','update_tm','10',NULL,'YES',NULL,NULL,'datetime','',''),
('t_option_import','update_user_id','11',NULL,'YES',NULL,NULL,'int(10)','',''),
('t_option_import','qsn_item_tag','12',NULL,'YES','utf8','utf8_general_ci','varchar(3)','',''),
('t_paper','papr_id','1',NULL,'NO','utf8','utf8_general_ci','varchar(32)','',''),
('t_paper','papr_type','2',NULL,'NO','utf8','utf8_general_ci','varchar(20)','',''),
('t_paper','papr_status','3',NULL,'NO','utf8','utf8_general_ci','varchar(20)','',''),
('t_paper','papr_name','4',NULL,'NO','utf8','utf8_general_ci','varchar(200)','',''),
('t_paper','papr_des','5',NULL,'YES','utf8','utf8_general_ci','varchar(4000)','',''),
('t_paper','papr_point','6',NULL,'YES',NULL,NULL,'float','',''),
('t_paper','papr_qsn_count','7',NULL,'YES',NULL,NULL,'int(10)','',''),
('t_paper','papr_category','8',NULL,'NO','utf8','utf8_general_ci','varchar(20)','',''),
('t_paper','create_tm','9',NULL,'NO',NULL,NULL,'datetime','',''),
('t_paper','create_user_id','10',NULL,'NO',NULL,NULL,'int(10)','',''),
('t_paper','update_tm','11',NULL,'YES',NULL,NULL,'datetime','',''),
('t_paper','update_user_id','12',NULL,'YES',NULL,NULL,'int(10)','',''),
('t_paper','papr_all_qsn_count','13',NULL,'YES',NULL,NULL,'int(10)','',''),
('t_papr_content','papr_id','1',NULL,'NO','utf8','utf8_general_ci','varchar(32)','',''),
('t_papr_content','qsn_id','2',NULL,'NO','utf8','utf8_general_ci','varchar(32)','',''),
('t_papr_content','qsn_sub_id','3',NULL,'NO','utf8','utf8_general_ci','varchar(32)','',''),
('t_papr_content','qsn_type_position','4',NULL,'NO',NULL,NULL,'int(10)','',''),
('t_papr_content','qsn_position','5','0','NO',NULL,NULL,'int(10)','',''),
('t_papr_content','qsn_point','6',NULL,'NO',NULL,NULL,'float','',''),
('t_papr_content','qsn_type','7',NULL,'NO','utf8','utf8_general_ci','varchar(20)','',''),
('t_papr_content','create_tm','8',NULL,'NO',NULL,NULL,'datetime','',''),
('t_papr_qsn_type','papr_id','1',NULL,'NO','utf8','utf8_general_ci','varchar(32)','',''),
('t_papr_qsn_type','qsn_point','2',NULL,'NO',NULL,NULL,'float','',''),
('t_papr_qsn_type','qsn_type','3',NULL,'NO','utf8','utf8_general_ci','varchar(20)','',''),
('t_papr_qsn_type','qsn_type_title','4',NULL,'YES','utf8','utf8_general_ci','varchar(1000)','',''),
('t_papr_qsn_type','qsn_type_label','5',NULL,'YES','utf8','utf8_general_ci','varchar(200)','',''),
('t_papr_qsn_type','qsn_type_position','6',NULL,'NO',NULL,NULL,'int(10)','',''),
('t_papr_qsn_type','qsn_type_qsn_category','7',NULL,'YES','utf8','utf8_general_ci','varchar(2000)','',''),
('t_papr_qsn_type','qsn_type_qsn_quantity','8',NULL,'YES','utf8','utf8_general_ci','varchar(255)','',''),
('t_papr_qsn_type','qsn_type_position_new','9','0','NO',NULL,NULL,'int(10) unsigned','',''),
('t_papr_qsn_type_category','papr_id','1',NULL,'NO','utf8','utf8_general_ci','varchar(32)','',''),
('t_papr_qsn_type_category','qsn_type_position','2',NULL,'NO',NULL,NULL,'int(10) unsigned','',''),
('t_papr_qsn_type_category','qsn_category','3',NULL,'NO','utf8','utf8_general_ci','varchar(20)','',''),
('t_papr_qsn_type_level','papr_id','1',NULL,'NO','utf8','utf8_general_ci','varchar(32)','',''),
('t_papr_qsn_type_level','qsn_type_position','2',NULL,'NO',NULL,NULL,'int(10) unsigned','',''),
('t_papr_qsn_type_level','qsn_level','3',NULL,'NO','utf8','utf8_general_ci','varchar(20)','',''),
('t_papr_qsn_type_level','qsn_count','4','0','NO',NULL,NULL,'int(10) unsigned','',''),
('t_qsn_sub_position','qsn_id','1',NULL,'NO','utf8','utf8_general_ci','varchar(32)','',''),
('t_qsn_sub_position','qsn_sub_id','2',NULL,'NO','utf8','utf8_general_ci','varchar(32)','',''),
('t_qsn_sub_position','qsn_position','3',NULL,'NO','utf8','utf8_general_ci','varchar(20)','',''),
('t_qsn_sub_position_import','qsn_id','1',NULL,'NO','utf8','utf8_general_ci','varchar(32)','',''),
('t_qsn_sub_position_import','qsn_sub_id','2',NULL,'NO','utf8','utf8_general_ci','varchar(32)','',''),
('t_qsn_sub_position_import','qsn_position','3',NULL,'NO',NULL,NULL,'int(20)','',''),
('t_question','qsn_id','1',NULL,'NO','utf8','utf8_general_ci','varchar(32)','',''),
('t_question','qsn_sub_id','2',NULL,'NO','utf8','utf8_general_ci','varchar(32)','',''),
('t_question','qsn_level','3',NULL,'YES','utf8','utf8_general_ci','varchar(20)','',''),
('t_question','qsn_limit_tm','4','00:03:00','YES',NULL,NULL,'time','',''),
('t_question','qsn_point','5','0','NO',NULL,NULL,'float','',''),
('t_question','qsn_source','6',NULL,'YES','utf8','utf8_general_ci','varchar(20)','',''),
('t_question','qsn_status','7',NULL,'YES','utf8','utf8_general_ci','varchar(20)','',''),
('t_question','qsn_type','8',NULL,'YES','utf8','utf8_general_ci','varchar(20)','',''),
('t_question','qsn_content','9',NULL,'YES','utf8','utf8_general_ci','text','',''),
('t_question','qsn_content_edit','10',NULL,'YES','utf8','utf8_general_ci','text','',''),
('t_question','qsn_option_count','11',NULL,'YES',NULL,NULL,'smallint(4)','',''),
('t_question','qsn_guide','12',NULL,'YES','utf8','utf8_general_ci','text','',''),
('t_question','qsn_category','13',NULL,'YES','utf8','utf8_general_ci','varchar(20)','',''),
('t_question','qsn_expire','14',NULL,'YES',NULL,NULL,'date','',''),
('t_question','create_tm','15',NULL,'NO',NULL,NULL,'datetime','',''),
('t_question','create_user_id','16',NULL,'NO',NULL,NULL,'int(10)','',''),
('t_question','update_tm','17',NULL,'YES',NULL,NULL,'datetime','',''),
('t_question','update_user_id','18',NULL,'YES',NULL,NULL,'int(10)','',''),
('t_question','qsn_sub_flg','19',NULL,'YES','utf8','utf8_general_ci','char(1)','',''),
('t_question_import','qsn_id','1',NULL,'NO','utf8','utf8_general_ci','varchar(32)','',''),
('t_question_import','qsn_sub_id','2',NULL,'NO','utf8','utf8_general_ci','varchar(32)','',''),
('t_question_import','qsn_level','3',NULL,'YES','utf8','utf8_general_ci','varchar(20)','',''),
('t_question_import','qsn_limit_tm','4','00:03:00','YES',NULL,NULL,'time','',''),
('t_question_import','qsn_point','5','0','NO',NULL,NULL,'float','',''),
('t_question_import','qsn_source','6',NULL,'YES','utf8','utf8_general_ci','varchar(20)','',''),
('t_question_import','qsn_status','7',NULL,'YES','utf8','utf8_general_ci','varchar(20)','',''),
('t_question_import','qsn_type','8',NULL,'YES','utf8','utf8_general_ci','varchar(20)','',''),
('t_question_import','qsn_content','9',NULL,'YES','utf8','utf8_general_ci','text','',''),
('t_question_import','qsn_content_edit','10',NULL,'YES','utf8','utf8_general_ci','text','',''),
('t_question_import','qsn_option_count','11',NULL,'YES',NULL,NULL,'smallint(4)','',''),
('t_question_import','qsn_guide','12',NULL,'YES','utf8','utf8_general_ci','text','',''),
('t_question_import','qsn_category','13',NULL,'YES','utf8','utf8_general_ci','varchar(20)','',''),
('t_question_import','qsn_expire','14',NULL,'YES',NULL,NULL,'date','',''),
('t_question_import','create_tm','15','0000-00-00 00:00:00','NO',NULL,NULL,'datetime','',''),
('t_question_import','create_user_id','16',NULL,'NO',NULL,NULL,'int(10)','',''),
('t_question_import','update_tm','17',NULL,'YES',NULL,NULL,'datetime','',''),
('t_question_import','update_user_id','18',NULL,'YES',NULL,NULL,'int(10)','',''),
('t_question_import','qsn_sub_flg','19',NULL,'YES','utf8','utf8_general_ci','char(1)','',''),
('t_rechargeable_card','active_ip','1',NULL,'YES','utf8','utf8_general_ci','varchar(50)','',''),
('t_rechargeable_card','active_time','2',NULL,'YES',NULL,NULL,'datetime','',''),
('t_rechargeable_card','card_id','3',NULL,'NO','utf8','utf8_general_ci','varchar(50)','',''),
('t_rechargeable_card','create_tm','4',NULL,'YES',NULL,NULL,'datetime','',''),
('t_rechargeable_card','create_user_id','5',NULL,'YES',NULL,NULL,'int(11) unsigned','',''),
('t_rechargeable_card','credit','6',NULL,'YES',NULL,NULL,'int(10) unsigned','',''),
('t_rechargeable_card','service_time','7',NULL,'YES',NULL,NULL,'int(10) unsigned','',''),
('t_rechargeable_card','user_id','8',NULL,'YES',NULL,NULL,'int(10) unsigned','',''),
('t_rechargeable_card','subtotalAmount','9','0','NO',NULL,NULL,'int(10)','',''),
('t_role_user','user_id','1',NULL,'NO',NULL,NULL,'int(10)','',''),
('t_role_user','role_id','2',NULL,'NO',NULL,NULL,'int(32)','','管理用户组ID(t_group:group_id)'),
('t_role_user','is_include_sub','3','0','NO',NULL,NULL,'tinyint(1)','','是否被子节点继承,1=继承,0=不继承'),
('t_role_user','type','4','1','NO',NULL,NULL,'tinyint(1)','','当前ID包含或排除的类型,1=包含,0=排除'),
('t_setting','user_id','1',NULL,'NO',NULL,NULL,'int(10)','',''),
('t_setting','category_pname','2',NULL,'NO','utf8','utf8_general_ci','varchar(64)','',''),
('t_setting','category_name','3',NULL,'NO','utf8','utf8_general_ci','varchar(64)','',''),
('t_setting','setting_name','4',NULL,'NO','utf8','utf8_general_ci','varchar(64)','',''),
('t_setting','setting_value','5',NULL,'YES','utf8','utf8_general_ci','text','',''),
('t_setting','setting_desc','6',NULL,'YES','utf8','utf8_general_ci','varchar(4000)','',''),
('t_setting','create_tm','7',NULL,'YES',NULL,NULL,'datetime','',''),
('t_setting','create_user_id','8',NULL,'YES',NULL,NULL,'int(10)','',''),
('t_setting','update_tm','9',NULL,'YES',NULL,NULL,'datetime','',''),
('t_setting','update_user_id','10',NULL,'YES',NULL,NULL,'int(10)','',''),
('t_study_cmut_answer','c_id','1','0','YES','utf8','utf8_general_ci','varchar(32)','',''),
('t_study_cmut_answer','c_a_id','2',NULL,'NO','utf8','utf8_general_ci','varchar(32)','',''),
('t_study_cmut_answer','c_desc','3',NULL,'YES','utf8','utf8_general_ci','varchar(10000)','',''),
('t_study_cmut_answer','status','4',NULL,'YES','utf8','utf8_general_ci','varchar(20)','',''),
('t_study_cmut_answer','user_id','5',NULL,'YES','utf8','utf8_general_ci','varchar(50)','',''),
('t_study_cmut_answer','create_tm','6','0000-00-00 00:00:00','NO',NULL,NULL,'timestamp','',''),
('t_study_cmut_answer','quote_answer_id','7','','NO','utf8','utf8_general_ci','varchar(32)','','引用回答管理的答案ID'),
('t_study_cmut_answer','quote_answer_desc','8','','NO','utf8','utf8_general_ci','varchar(10000)','','引用的内容'),
('t_study_cmut_answer','shielded','9','0','NO',NULL,NULL,'tinyint(1)','','回答屏蔽状态,0=未屏蔽,1=屏蔽'),
('t_study_cmut_ask','plan_id','1','','NO','utf8','utf8_general_ci','varchar(32)','','关联计划ID'),
('t_study_cmut_ask','course_id','2','','NO','utf8','utf8_general_ci','varchar(32)','','关联课程ID'),
('t_study_cmut_ask','courseware_id','3','','NO','utf8','utf8_general_ci','varchar(32)','','关联课件ID'),
('t_study_cmut_ask','c_id','4',NULL,'NO','utf8','utf8_general_ci','varchar(32)','',''),
('t_study_cmut_ask','c_title','5',NULL,'YES','utf8','utf8_general_ci','varchar(100)','',''),
('t_study_cmut_ask','c_desc','6',NULL,'YES','utf8','utf8_general_ci','varchar(10000)','',''),
('t_study_cmut_ask','status','7',NULL,'YES','utf8','utf8_general_ci','varchar(10)','',''),
('t_study_cmut_ask','user_id','8',NULL,'YES','utf8','utf8_general_ci','varchar(50)','',''),
('t_study_cmut_ask','create_tm','9','0000-00-00 00:00:00','NO',NULL,NULL,'timestamp','',''),
('t_study_cmut_ask','shielded','10','0','NO',NULL,NULL,'tinyint(1)','','问题屏蔽状态,0=未屏蔽,1=屏蔽'),
('t_study_plan','p_id','1',NULL,'NO','utf8','utf8_general_ci','varchar(32)','',''),
('t_study_plan','p_name','2',NULL,'NO','utf8','utf8_general_ci','varchar(200)','',''),
('t_study_plan','p_des','3',NULL,'YES','utf8','utf8_general_ci','text','',''),
('t_study_plan','p_status','4',NULL,'NO','utf8','utf8_general_ci','varchar(20)','',''),
('t_study_plan','p_begin_tm','5',NULL,'NO',NULL,NULL,'datetime','',''),
('t_study_plan','p_end_tm','6',NULL,'NO',NULL,NULL,'datetime','',''),
('t_study_plan','p_category','7',NULL,'NO','utf8','utf8_general_ci','varchar(20)','',''),
('t_study_plan','create_user_id','8',NULL,'YES','utf8','utf8_general_ci','varchar(50)','',''),
('t_study_plan','create_tm','9',NULL,'YES',NULL,NULL,'datetime','',''),
('t_study_plan','update_user_id','10',NULL,'YES','utf8','utf8_general_ci','varchar(50)','',''),
('t_study_plan','update_tm','11',NULL,'YES',NULL,NULL,'datetime','',''),
('t_study_plan','p_content','12',NULL,'YES','utf8','utf8_general_ci','text','',''),
('t_study_plan','p_allow_ip','13',NULL,'NO','utf8','utf8_general_ci','text','','IP段[ip-ip,ip-ip...]'),
('t_study_plan','p_elective','14','0','NO',NULL,NULL,'tinyint(1)','',''),
('t_study_plan','p_pass_condition','15',NULL,'NO','utf8','utf8_general_ci','varchar(20)','',''),
('t_study_plan','frontCoverImg','16','','NO','utf8','utf8_general_ci','varchar(200)','','封面图片'),
('t_study_plan_course','p_id','1','0','NO','utf8','utf8_general_ci','varchar(32)','',''),
('t_study_plan_course','c_id','2','0','NO','utf8','utf8_general_ci','varchar(32)','',''),
('t_study_plan_course','c_position','3','0','YES',NULL,NULL,'int(10)','','');
INSERT INTO `__COLUMNS` (`TABLE_NAME`,`COLUMN_NAME`,`ORDINAL_POSITION`,`COLUMN_DEFAULT`,`IS_NULLABLE`,`CHARACTER_SET_NAME`,`COLLATION_NAME`,`COLUMN_TYPE`,`EXTRA`,`COLUMN_COMMENT`) VALUES ('t_study_plan_course','opening_begin_tm','4',NULL,'YES',NULL,NULL,'datetime','',''),
('t_study_plan_course','opening_end_tm','5',NULL,'YES',NULL,NULL,'datetime','',''),
('t_study_plan_course','s1_begin_tm','6',NULL,'YES',NULL,NULL,'datetime','',''),
('t_study_plan_course','s1_end_tm','7',NULL,'YES',NULL,NULL,'datetime','',''),
('t_study_plan_course','s2_begin_tm','8',NULL,'YES',NULL,NULL,'datetime','',''),
('t_study_plan_course','s2_end_tm','9',NULL,'YES',NULL,NULL,'datetime','',''),
('t_study_plan_course','s3_begin_tm','10',NULL,'YES',NULL,NULL,'datetime','',''),
('t_study_plan_course','s3_end_tm','11',NULL,'YES',NULL,NULL,'datetime','',''),
('t_study_plan_course','c_elective','12','0','YES',NULL,NULL,'tinyint(1) unsigned','',''),
('t_study_plan_course','c_pass_condition','13',NULL,'YES','utf8','utf8_general_ci','varchar(20)','',''),
('t_study_plan_course','c_isModifyProgress','14','1','NO',NULL,NULL,'tinyint(1)','',''),
('t_study_plan_course_condition','id','1',NULL,'NO',NULL,NULL,'int(10)','auto_increment','自增主键,没具体作用(演示数据生成使用)'),
('t_study_plan_course_condition','p_id','2','0','NO','utf8','utf8_general_ci','varchar(32)','',''),
('t_study_plan_course_condition','c_id','3','0','NO','utf8','utf8_general_ci','varchar(32)','',''),
('t_study_plan_course_condition','c_c_id','4','0','NO','utf8','utf8_general_ci','varchar(32)','',''),
('t_study_plan_course_condition','c_condition','5','','NO','utf8','utf8_general_ci','varchar(20)','',''),
('t_study_plan_exam','p_id','1',NULL,'NO','utf8','utf8_general_ci','varchar(32)','',''),
('t_study_plan_exam','exam_id','2',NULL,'NO','utf8','utf8_general_ci','varchar(32)','',''),
('t_study_plan_exam','create_user_id','3',NULL,'YES','utf8','utf8_general_ci','varchar(50)','',''),
('t_study_plan_exam','create_tm','4',NULL,'YES',NULL,NULL,'datetime','',''),
('t_study_plan_exam','update_user_id','5',NULL,'YES','utf8','utf8_general_ci','varchar(50)','',''),
('t_study_plan_exam','update_tm','6',NULL,'YES',NULL,NULL,'datetime','',''),
('t_study_plan_group','p_group_id','1','','NO','utf8','utf8_general_ci','varchar(32)','',''),
('t_study_plan_group','p_id','2','','NO','utf8','utf8_general_ci','varchar(32)','',''),
('t_study_plan_group','set_type','3','add','YES','utf8','utf8_general_ci','varchar(255)','',''),
('t_study_plan_group','t_study_plan_id','4','','NO','utf8','utf8_general_ci','varchar(32)','',''),
('t_study_plan_group','is_include_sub','5','0','NO',NULL,NULL,'tinyint(1)','','是否包含该组的子组,0=不包含,1=包含'),
('t_study_plan_groupuser','p_user_id','1','','NO','utf8','utf8_general_ci','varchar(255)','',''),
('t_study_plan_groupuser','t_study_plan_group_id','2','0','NO',NULL,NULL,'int(11)','',''),
('t_study_plan_groupuser','p_id','3',NULL,'NO','utf8','utf8_general_ci','varchar(32)','','学习计划id'),
('t_study_plan_groupuser','type','4','0','NO',NULL,NULL,'tinyint(1)','','用户包含类型,1=包含,0=排除'),
('t_study_plan_user_course','user_id','1',NULL,'NO',NULL,NULL,'int(10) unsigned','',''),
('t_study_plan_user_course','p_id','2','0','NO','utf8','utf8_general_ci','varchar(32)','',''),
('t_study_plan_user_course','c_id','3','0','NO','utf8','utf8_general_ci','varchar(32)','',''),
('t_study_plan_user_course','app_status','4',NULL,'YES','utf8','utf8_general_ci','varchar(10)','',''),
('t_study_plan_user_course','opinion','5','070303','YES','utf8','utf8_general_ci','varchar(10)','',''),
('t_study_plan_user_course','app_tm','6',NULL,'YES',NULL,NULL,'datetime','',''),
('t_study_plan_user_course','veri_tm','7',NULL,'YES',NULL,NULL,'datetime','',''),
('t_tag','tag_id','1','','NO','utf8','utf8_general_ci','varchar(32)','',''),
('t_tag','create_user_id','2',NULL,'NO',NULL,NULL,'int(11)','',''),
('t_tag','create_tm','3',NULL,'NO',NULL,NULL,'datetime','',''),
('t_tag','tag_name','4','','NO','utf8','utf8_general_ci','varchar(200)','',''),
('t_tag','tag_type','5',NULL,'NO',NULL,NULL,'int(11)','',''),
('t_tag_obj','obj_id','1','','NO','utf8','utf8_general_ci','varchar(32)','',''),
('t_tag_obj','tag_id','2','','NO','utf8','utf8_general_ci','varchar(32)','',''),
('t_teacher','e_id','1',NULL,'NO',NULL,NULL,'int(10)','auto_increment',''),
('t_teacher','e_name','2',NULL,'NO','utf8','utf8_general_ci','varchar(20)','',''),
('t_teacher','e_age','3',NULL,'YES',NULL,NULL,'smallint(10)','',''),
('t_teacher','e_sex','4',NULL,'YES',NULL,NULL,'tinyint(1)','',''),
('t_teacher','e_level','5',NULL,'YES','utf8','utf8_general_ci','varchar(20)','',''),
('t_teacher','e_positional','6',NULL,'YES','utf8','utf8_general_ci','varchar(20)','',''),
('t_teacher','e_specializ','7',NULL,'YES','utf8','utf8_general_ci','varchar(20)','',''),
('t_teacher','e_tel','8',NULL,'YES','utf8','utf8_general_ci','varchar(20)','',''),
('t_teacher','e_weibo','9',NULL,'YES','utf8','utf8_general_ci','varchar(50)','',''),
('t_teacher','e_blog','10',NULL,'YES','utf8','utf8_general_ci','varchar(50)','',''),
('t_teacher','e_addr','11',NULL,'YES','utf8','utf8_general_ci','varchar(50)','',''),
('t_teacher','e_des','12',NULL,'YES','utf8','utf8_general_ci','text','',''),
('t_teacher','e_email','13',NULL,'YES','utf8','utf8_general_ci','varchar(50)','',''),
('t_teacher','e_birthday','14',NULL,'YES',NULL,NULL,'date','',''),
('t_teacher','e_group','15',NULL,'YES',NULL,NULL,'int(4)','',''),
('t_teacher','create_user_id','16',NULL,'YES','utf8','utf8_general_ci','varchar(50)','',''),
('t_teacher','create_tm','17',NULL,'YES',NULL,NULL,'datetime','',''),
('t_teacher','update_user_id','18',NULL,'YES','utf8','utf8_general_ci','varchar(50)','',''),
('t_teacher','update_tm','19',NULL,'YES',NULL,NULL,'datetime','',''),
('t_train_group','t_id','1',NULL,'NO',NULL,NULL,'int(10) unsigned','auto_increment',''),
('t_train_group','t_name','2',NULL,'NO','utf8','utf8_general_ci','varchar(1000)','',''),
('t_train_group','t_intro','3',NULL,'YES','utf8','utf8_general_ci','varchar(1000)','',''),
('t_train_group','t_company_lawer','4',NULL,'YES','utf8','utf8_general_ci','varchar(20)','',''),
('t_train_group','t_address','5',NULL,'YES','utf8','utf8_general_ci','varchar(50)','',''),
('t_train_group','t_web_site','6',NULL,'YES','utf8','utf8_general_ci','varchar(100)','',''),
('t_train_group','t_contact','7',NULL,'YES','utf8','utf8_general_ci','varchar(20)','',''),
('t_train_group','t_tele_phone','8',NULL,'YES','utf8','utf8_general_ci','varchar(20)','',''),
('t_train_group','t_email','9',NULL,'YES','utf8','utf8_general_ci','varchar(20)','',''),
('t_train_group','t_des','10',NULL,'YES','utf8','utf8_general_ci','text','',''),
('t_train_group','create_user_id','11',NULL,'NO','utf8','utf8_general_ci','varchar(50)','',''),
('t_train_group','create_tm','12',NULL,'NO',NULL,NULL,'datetime','',''),
('t_train_group','update_user_id','13',NULL,'YES','utf8','utf8_general_ci','varchar(50)','',''),
('t_train_group','update_tm','14',NULL,'YES',NULL,NULL,'datetime','',''),
('t_url_permissions_basic','id','1',NULL,'NO',NULL,NULL,'int(10)','auto_increment','自增长主键'),
('t_url_permissions_basic','describe','2','','NO','utf8','utf8_general_ci','varchar(100)','','权限描述'),
('t_url_permissions_basic','path','3','','NO','utf8','utf8_general_ci','varchar(200)','','作用路径'),
('t_url_permissions_basic','getA','4','','NO','utf8','utf8_general_ci','varchar(100)','','get方式的a参数'),
('t_url_permissions_basic','matchParams','5','','NO','utf8','utf8_general_ci','varchar(2000)','','json匹配参数{\'G\'(GET):{\'C\'(包含参数):{\'T\'(文本模式):{\'p\':null(仅包含p参数),\'x\':\'xx\'(匹配x参数等于xx)}}, \'E\'(排除参数):{与C一致结构}}, \'P\'(POST):{与G一样结构}}'),
('t_url_permissions_package','id','1',NULL,'NO',NULL,NULL,'int(10)','auto_increment','自整主键'),
('t_url_permissions_package','describe','2','','NO','utf8','utf8_general_ci','varchar(200)','','集合路径权限描述'),
('t_url_permissions_package','set','3','','NO','utf8','utf8_general_ci','varchar(1000)','','路径权限集合id,id...'),
('t_url_permissions_user','userId','1','','NO','utf8','utf8_general_ci','varchar(32)','','关联后台用户ID'),
('t_url_permissions_user','setPackage','2','','NO','utf8','utf8_general_ci','varchar(1000)','','t_url_permissions_package集合id,id...'),
('t_user','user_id','1',NULL,'NO',NULL,NULL,'int(10) unsigned','auto_increment',''),
('t_user','username','2',NULL,'YES','utf8','utf8_general_ci','varchar(20)','',''),
('t_user','nickname','3',NULL,'YES','utf8','utf8_general_ci','varchar(100)','',''),
('t_user','real_name','4',NULL,'YES','utf8','utf8_general_ci','varchar(100)','',''),
('t_user','pwd','5',NULL,'YES','utf8','utf8_general_ci','varchar(50)','',''),
('t_user','email','6',NULL,'YES','utf8','utf8_general_ci','varchar(50)','',''),
('t_user','status','7','070101','YES','utf8','utf8_general_ci','varchar(10)','',''),
('t_user','icon','8',NULL,'YES','utf8','utf8_general_ci','varchar(255)','',''),
('t_user','gender','9',NULL,'YES',NULL,NULL,'tinyint(1) unsigned','',''),
('t_user','birthday','10',NULL,'YES',NULL,NULL,'date','',''),
('t_user','credit','11',NULL,'YES',NULL,NULL,'int(11) unsigned','',''),
('t_user','point','12','0','NO',NULL,NULL,'int(10)','','用户所得学分'),
('t_user','idcard','13',NULL,'YES','utf8','utf8_general_ci','varchar(30)','',''),
('t_user','examcard','14',NULL,'YES','utf8','utf8_general_ci','varchar(30)','',''),
('t_user','tel','15',NULL,'YES','utf8','utf8_general_ci','varchar(30)','',''),
('t_user','mobiletel','16',NULL,'YES','utf8','utf8_general_ci','varchar(30)','',''),
('t_user','position','17',NULL,'YES','utf8','utf8_general_ci','varchar(30)','',''),
('t_user','reg_ip','18',NULL,'YES','utf8','utf8_general_ci','varchar(15)','',''),
('t_user','reg_tm','19',NULL,'YES',NULL,NULL,'datetime','',''),
('t_user','update_tm','20',NULL,'YES',NULL,NULL,'datetime','',''),
('t_user','login_count','21',NULL,'YES',NULL,NULL,'int(10) unsigned','',''),
('t_user','last_login_tm','22',NULL,'YES',NULL,NULL,'datetime','',''),
('t_user','last_login_ip','23',NULL,'YES','utf8','utf8_general_ci','varchar(15)','',''),
('t_user','login_failed_num','24','0','NO',NULL,NULL,'int(10)','','连续登入失败次数'),
('t_user','question1','25','','NO','utf8','utf8_general_ci','varchar(100)','','安全问题1'),
('t_user','answer1','26','','NO','utf8','utf8_general_ci','varchar(100)','','回答1'),
('t_user','question2','27','','NO','utf8','utf8_general_ci','varchar(100)','','安全问题2'),
('t_user','answer2','28','','NO','utf8','utf8_general_ci','varchar(100)','','回答2'),
('t_user_course','user_id','1',NULL,'NO',NULL,NULL,'int(10)','',''),
('t_user_course','c_id','2','0','NO','utf8','utf8_general_ci','varchar(32)','',''),
('t_user_course','app_status','3',NULL,'YES','utf8','utf8_general_ci','varchar(10)','',''),
('t_user_course','app_content','4',NULL,'YES','utf8','utf8_general_ci','varchar(2000)','',''),
('t_user_course','veri_content','5',NULL,'YES','utf8','utf8_general_ci','varchar(2000)','',''),
('t_user_course','opinion','6','070303','YES','utf8','utf8_general_ci','varchar(10)','',''),
('t_user_course','app_tm','7',NULL,'YES',NULL,NULL,'datetime','',''),
('t_user_course','veri_tm','8',NULL,'YES',NULL,NULL,'datetime','',''),
('t_user_courseware','user_id','1',NULL,'NO',NULL,NULL,'int(10)','',''),
('t_user_courseware','w_id','2','0','NO','utf8','utf8_general_ci','varchar(32)','',''),
('t_user_courseware','uc_length','3','0','YES',NULL,NULL,'float','',''),
('t_user_courseware','w_length','4',NULL,'YES',NULL,NULL,'float','','当前进度对应的课件总时长,防止学习过程中后台课件长度修改产生的问题'),
('t_user_courseware','update_tm','5',NULL,'YES',NULL,NULL,'datetime','',''),
('t_user_courseware_note','n_id','1',NULL,'NO',NULL,NULL,'int(10) unsigned','auto_increment',''),
('t_user_courseware_note','user_id','2',NULL,'NO',NULL,NULL,'int(10) unsigned','',''),
('t_user_courseware_note','w_id','3','','NO','utf8','utf8_general_ci','varchar(32)','',''),
('t_user_courseware_note','content','4',NULL,'NO','utf8','utf8_general_ci','text','',''),
('t_user_courseware_note','create_tm','5',NULL,'NO',NULL,NULL,'datetime','',''),
('t_user_courseware_note','update_tm','6',NULL,'NO',NULL,NULL,'datetime','',''),
('t_user_exam','exam_id','1',NULL,'NO','utf8','utf8_general_ci','varchar(32)','',''),
('t_user_exam','user_id','2',NULL,'NO',NULL,NULL,'int(10)','',''),
('t_user_exam','papr_id','3',NULL,'NO','utf8','utf8_general_ci','varchar(32)','',''),
('t_user_exam','exam_times','4',NULL,'NO',NULL,NULL,'smallint(6)','',''),
('t_user_exam','exam_tm','5',NULL,'NO',NULL,NULL,'datetime','',''),
('t_user_exam','user_exam_scoring','6',NULL,'NO',NULL,NULL,'float','',''),
('t_user_exam','exam_point','7',NULL,'YES',NULL,NULL,'float','',''),
('t_user_exam','exam_total_tm','8',NULL,'YES',NULL,NULL,'time','',''),
('t_user_exam','right_count','9',NULL,'YES',NULL,NULL,'smallint(6)','',''),
('t_user_exam','part_right_count','10',NULL,'YES',NULL,NULL,'smallint(6)','',''),
('t_user_exam','error_count','11',NULL,'YES',NULL,NULL,'smallint(6)','',''),
('t_user_exam','qsn_count','12',NULL,'YES',NULL,NULL,'smallint(6)','',''),
('t_user_exam','null_count','13',NULL,'YES',NULL,NULL,'smallint(6)','',''),
('t_user_exam','ip_address','14',NULL,'YES','utf8','utf8_general_ci','varchar(15)','',''),
('t_user_exam','plan_id','15',NULL,'YES','utf8','utf8_general_ci','varchar(32)','','关联计划ID'),
('t_user_exam','course_id','16',NULL,'YES','utf8','utf8_general_ci','varchar(32)','','关联课程ID'),
('t_user_exam','associated_id','17',NULL,'YES','utf8','utf8_general_ci','varchar(32)','','关联计划或课程ID'),
('t_user_exam','associated_table','18',NULL,'YES','utf8','utf8_general_ci','varchar(50)','','associated_id所在的表'),
('t_user_exam','storage_examed_time','19',NULL,'YES',NULL,NULL,'time','',''),
('t_user_exam_answer','user_id','1',NULL,'NO',NULL,NULL,'int(10)','',''),
('t_user_exam_answer','exam_id','2',NULL,'NO','utf8','utf8_general_ci','varchar(32)','',''),
('t_user_exam_answer','papr_id','3',NULL,'NO','utf8','utf8_general_ci','varchar(32)','',''),
('t_user_exam_answer','exam_times','4',NULL,'NO',NULL,NULL,'smallint(6)','',''),
('t_user_exam_answer','qsn_id','5',NULL,'NO','utf8','utf8_general_ci','varchar(32)','',''),
('t_user_exam_answer','qsn_sub_id','6',NULL,'NO','utf8','utf8_general_ci','varchar(32)','',''),
('t_user_exam_answer','qsn_item_id','7',NULL,'NO',NULL,NULL,'smallint(6)','',''),
('t_user_exam_answer','qsn_type','8',NULL,'NO','utf8','utf8_general_ci','varchar(20)','',''),
('t_user_exam_answer','qsn_type_position','9',NULL,'NO',NULL,NULL,'int(10)','',''),
('t_user_exam_answer','user_answer','10',NULL,'YES','utf8','utf8_general_ci','text','',''),
('t_user_exam_answer_storage','user_id','1',NULL,'NO',NULL,NULL,'int(10)','',''),
('t_user_exam_answer_storage','exam_id','2',NULL,'NO','utf8','utf8_general_ci','varchar(32)','',''),
('t_user_exam_answer_storage','papr_id','3',NULL,'NO','utf8','utf8_general_ci','varchar(32)','',''),
('t_user_exam_answer_storage','exam_times','4',NULL,'NO',NULL,NULL,'smallint(6)','',''),
('t_user_exam_answer_storage','qsn_id','5',NULL,'NO','utf8','utf8_general_ci','varchar(32)','',''),
('t_user_exam_answer_storage','qsn_sub_id','6',NULL,'NO','utf8','utf8_general_ci','varchar(32)','',''),
('t_user_exam_answer_storage','qsn_item_id','7',NULL,'NO',NULL,NULL,'smallint(6)','',''),
('t_user_exam_answer_storage','qsn_type','8',NULL,'NO','utf8','utf8_general_ci','varchar(20)','',''),
('t_user_exam_answer_storage','qsn_type_position','9',NULL,'NO',NULL,NULL,'int(10)','',''),
('t_user_exam_answer_storage','user_answer','10',NULL,'YES','utf8','utf8_general_ci','text','',''),
('t_user_exam_info','user_id','1',NULL,'NO',NULL,NULL,'int(10)','',''),
('t_user_exam_info','exam_id','2',NULL,'NO','utf8','utf8_general_ci','varchar(32)','',''),
('t_user_exam_info','papr_id','3',NULL,'NO','utf8','utf8_general_ci','varchar(32)','',''),
('t_user_exam_info','exam_times','4',NULL,'NO',NULL,NULL,'smallint(6)','',''),
('t_user_exam_info','qsn_id','5',NULL,'NO','utf8','utf8_general_ci','varchar(32)','',''),
('t_user_exam_info','qsn_sub_id','6',NULL,'NO','utf8','utf8_general_ci','varchar(32)','',''),
('t_user_exam_info','qsn_type','7',NULL,'NO','utf8','utf8_general_ci','varchar(20)','',''),
('t_user_exam_info','qsn_type_position','8',NULL,'NO',NULL,NULL,'int(10)','',''),
('t_user_exam_info','qsn_position','9',NULL,'YES',NULL,NULL,'int(11)','',''),
('t_user_exam_info','answer_status','10',NULL,'NO','utf8','utf8_general_ci','char(1)','',''),
('t_user_exam_info','scoring','11',NULL,'YES',NULL,NULL,'float','',''),
('t_user_exam_info','remark','12',NULL,'YES','utf8','utf8_general_ci','varchar(4000)','',''),
('t_user_exam_info','marker_id','13',NULL,'YES',NULL,NULL,'int(10)','',''),
('t_user_exam_info','mark_tm','14',NULL,'YES',NULL,NULL,'datetime','',''),
('t_user_exam_monitor','exam_id','1',NULL,'NO','utf8','utf8_general_ci','varchar(32)','',''),
('t_user_exam_monitor','user_id','2',NULL,'NO',NULL,NULL,'int(11)','',''),
('t_user_exam_monitor','update_tm','3',NULL,'NO',NULL,NULL,'datetime','',''),
('t_user_exam_monitor','exam_cmd','4','0','NO',NULL,NULL,'tinyint(4)','',''),
('t_user_exam_monitor','cmd_info','5',NULL,'YES','utf8','utf8_general_ci','varchar(255)','',''),
('t_user_exam_storage','exam_id','1',NULL,'NO','utf8','utf8_general_ci','varchar(32)','',''),
('t_user_exam_storage','user_id','2',NULL,'NO',NULL,NULL,'int(10)','',''),
('t_user_exam_storage','papr_id','3',NULL,'NO','utf8','utf8_general_ci','varchar(32)','',''),
('t_user_exam_storage','exam_times','4',NULL,'NO',NULL,NULL,'smallint(6)','',''),
('t_user_exam_storage','exam_tm','5',NULL,'YES',NULL,NULL,'datetime','',''),
('t_user_exam_storage','user_exam_scoring','6',NULL,'YES',NULL,NULL,'float','',''),
('t_user_exam_storage','exam_point','7',NULL,'YES',NULL,NULL,'float','','');
INSERT INTO `__COLUMNS` (`TABLE_NAME`,`COLUMN_NAME`,`ORDINAL_POSITION`,`COLUMN_DEFAULT`,`IS_NULLABLE`,`CHARACTER_SET_NAME`,`COLLATION_NAME`,`COLUMN_TYPE`,`EXTRA`,`COLUMN_COMMENT`) VALUES ('t_user_exam_storage','exam_total_tm','8',NULL,'YES',NULL,NULL,'time','',''),
('t_user_exam_storage','right_count','9',NULL,'YES',NULL,NULL,'smallint(6)','',''),
('t_user_exam_storage','part_right_count','10',NULL,'YES',NULL,NULL,'smallint(6)','',''),
('t_user_exam_storage','error_count','11',NULL,'YES',NULL,NULL,'smallint(6)','',''),
('t_user_exam_storage','qsn_count','12',NULL,'YES',NULL,NULL,'smallint(6)','',''),
('t_user_exam_storage','null_count','13',NULL,'YES',NULL,NULL,'smallint(6)','',''),
('t_user_group','user_id','1',NULL,'NO',NULL,NULL,'int(10)','',''),
('t_user_group','group_id','2',NULL,'NO',NULL,NULL,'int(10)','',''),
('t_user_learning_history','user_id','1','0','NO',NULL,NULL,'int(10)','','关联用户ID'),
('t_user_learning_history','plan_id','2','','NO','utf8','utf8_general_ci','varchar(32)','','关联计划ID'),
('t_user_learning_history','course_id','3','','NO','utf8','utf8_general_ci','varchar(32)','','关联课程ID'),
('t_user_learning_history','courseware_id','4','','NO','utf8','utf8_general_ci','varchar(32)','','关联课件ID'),
('t_user_learning_history','level','5','1','NO',NULL,NULL,'tinyint(2)','','作为区分不同方式记录形式,方便未来扩展,1=仅计划或课程记录(课程和计划ID只有一个有值),2=计划下的课程记录(同时有值),3=课件记录(计划可有可无)'),
('t_user_learning_history','learning_time','6','CURRENT_TIMESTAMP','NO',NULL,NULL,'timestamp','','学习时间'),
('t_user_pass_teacher_rating','user_id','1','','NO','utf8','utf8_general_ci','varchar(32)','','用户ID'),
('t_user_pass_teacher_rating','plan_id','2','','NO','utf8','utf8_general_ci','varchar(32)','','关联计划ID'),
('t_user_pass_teacher_rating','course_id','3','','NO','utf8','utf8_general_ci','varchar(32)','','关联课程ID'),
('t_user_pass_teacher_rating','rating_status','4','0','NO',NULL,NULL,'tinyint(2)','','通过状态,0=未通过,1=通过'),
('t_user_pass_teacher_rating','rating_content','5',NULL,'NO','utf8','utf8_general_ci','text','','评价内容'),
('t_user_pass_teacher_rating','operator_id','6',NULL,'NO','utf8','utf8_general_ci','varchar(32)','','操作者ID'),
('t_user_pass_teacher_rating','change_time','7','CURRENT_TIMESTAMP','NO',NULL,NULL,'timestamp','on update CURRENT_TIMESTAMP','修改时间'),
('t_user_plan_application','user_id','1',NULL,'NO','utf8','utf8_general_ci','varchar(32)','','用户id'),
('t_user_plan_application','p_id','2',NULL,'NO','utf8','utf8_general_ci','varchar(32)','','计划id'),
('t_user_plan_application','app_status','3','','NO','utf8','utf8_general_ci','varchar(10)','','070404申请类型(免修,选修,学习)'),
('t_user_plan_application','app_content','4','','NO','utf8','utf8_general_ci','varchar(2000)','','提交申请信息'),
('t_user_plan_application','veri_content','5','','NO','utf8','utf8_general_ci','varchar(2000)','','后台审核信息'),
('t_user_plan_application','opinion','6','','NO','utf8','utf8_general_ci','varchar(10)','','070301审核状态'),
('t_user_plan_application','app_tm','7',NULL,'YES',NULL,NULL,'timestamp','','申请时间'),
('t_user_plan_application','veri_tm','8',NULL,'YES',NULL,NULL,'timestamp','','审核时间'),
('t_user_random_papr_content','user_id','1',NULL,'NO',NULL,NULL,'int(10)','',''),
('t_user_random_papr_content','papr_id','2',NULL,'NO','utf8','utf8_general_ci','varchar(32)','',''),
('t_user_random_papr_content','qsn_id','3',NULL,'NO','utf8','utf8_general_ci','varchar(32)','',''),
('t_user_random_papr_content','qsn_sub_id','4',NULL,'NO','utf8','utf8_general_ci','varchar(32)','',''),
('t_user_random_papr_content','qsn_type_position','5',NULL,'NO',NULL,NULL,'int(10)','',''),
('t_user_random_papr_content','qsn_position','6',NULL,'NO',NULL,NULL,'int(10)','',''),
('t_user_random_papr_content','qsn_point','7',NULL,'NO',NULL,NULL,'float','',''),
('t_user_random_papr_content','qsn_type','8',NULL,'NO','utf8','utf8_general_ci','varchar(20)','',''),
('t_user_random_papr_content','create_tm','9',NULL,'NO',NULL,NULL,'datetime','',''),
('t_user_random_papr_content','exam_id','10','1','NO','utf8','utf8_general_ci','varchar(32)','',''),
('t_user_random_papr_content','exam_times','11','1','NO',NULL,NULL,'smallint(6)','',''),
('t_user_realtime_status','user_id','1',NULL,'NO','utf8','utf8_general_ci','varchar(32)','','用户ID,关联t_user'),
('t_user_realtime_status','session_id','2',NULL,'NO','utf8','utf8_general_ci','varchar(100)','','当前用户使用的session'),
('t_user_realtime_status','expires_time','3','CURRENT_TIMESTAMP','NO',NULL,NULL,'timestamp','on update CURRENT_TIMESTAMP','session过期时间'),
('t_user_realtime_status','courseware_status','4','0','NO',NULL,NULL,'tinyint(1)','','学习课件状态,0=没学,1=正在学'),
('t_user_realtime_status','examination_status','5','0','NO',NULL,NULL,'tinyint(1)','','考试状态,0=没考,1=正在考'),
('t_vote','vote_id','1',NULL,'NO','utf8','utf8_general_ci','varchar(32)','',''),
('t_vote','vote_title','2',NULL,'YES','utf8','utf8_general_ci','varchar(255)','',''),
('t_vote','allow_anonymous','3','1','NO',NULL,NULL,'tinyint(3) unsigned','',''),
('t_vote','allow_review','4','1','NO',NULL,NULL,'tinyint(3) unsigned','',''),
('t_vote','vote_type','5',NULL,'YES','utf8','utf8_general_ci','varchar(20)','',''),
('t_vote','vote_content','6',NULL,'YES','utf8','utf8_general_ci','text','',''),
('t_vote','create_tm','7',NULL,'YES',NULL,NULL,'datetime','',''),
('t_vote','create_user_id','8',NULL,'YES',NULL,NULL,'int(10) unsigned','',''),
('t_vote','update_tm','9',NULL,'YES',NULL,NULL,'datetime','',''),
('t_vote','update_user_id','10',NULL,'YES',NULL,NULL,'int(10) unsigned','',''),
('t_vote','vote_status','11',NULL,'NO','utf8','utf8_general_ci','varchar(20)','',''),
('t_vote','start_tm','12',NULL,'NO',NULL,NULL,'datetime','',''),
('t_vote','end_tm','13',NULL,'NO',NULL,NULL,'datetime','',''),
('t_vote_selection','selection_id','1',NULL,'NO',NULL,NULL,'int(10) unsigned','',''),
('t_vote_selection','vote_id','2',NULL,'NO','utf8','utf8_general_ci','varchar(32)','',''),
('t_vote_selection','selection_content','3',NULL,'YES','utf8','utf8_general_ci','text','',''),
('t_vote_selection','selection_mark','4',NULL,'YES','utf8','utf8_general_ci','varchar(20)','',''),
('t_vote_user','user_id','1',NULL,'NO',NULL,NULL,'int(10) unsigned','',''),
('t_vote_user','vote_id','2',NULL,'NO','utf8','utf8_general_ci','varchar(32)','',''),
('t_vote_user','selection_id','3',NULL,'NO',NULL,NULL,'int(10) unsigned','','');
INSERT INTO `__STATISTICS` (`TABLE_NAME`,`NON_UNIQUE`,`INDEX_NAME`,`COLUMNS_NAME`,`INDEX_TYPE`) VALUES ('t_admin','0','PRIMARY','`user_id`','BTREE'),
('t_admin_group_user','0','PRIMARY','`user_id`,`group_id`','BTREE'),
('t_answer','1','Index_answer_qsn_type','`qsn_type`','BTREE'),
('t_answer','0','PRIMARY','`qsn_id`,`qsn_sub_id`,`qsn_item_id`','BTREE'),
('t_answer_import','1','Index_answer_qsn_type','`qsn_type`','BTREE'),
('t_answer_import','0','PRIMARY','`qsn_id`,`qsn_sub_id`,`qsn_item_id`','BTREE'),
('t_common_cde','0','PRIMARY','`c_cde`,`p_cde`','BTREE'),
('t_course','1','c_status','`c_status`,`c_start_time`,`c_end_time`','BTREE'),
('t_course','0','PRIMARY','`c_id`','BTREE'),
('t_courseware','0','PRIMARY','`w_id`','BTREE'),
('t_course_appraise','0','PRIMARY','`user_id`,`c_id`','BTREE'),
('t_course_att','0','PRIMARY','`c_id`,`c_att_id`','BTREE'),
('t_course_exam','0','PRIMARY','`c_id`,`exam_id`','BTREE'),
('t_course_group','0','PRIMARY','`c_id`,`group_id`','BTREE'),
('t_course_group_user','0','PRIMARY','`c_id`,`user_id`','BTREE'),
('t_course_teacher','0','PRIMARY','`e_id`,`c_id`','BTREE'),
('t_course_warelist','0','PRIMARY','`w_id`,`c_id`','BTREE'),
('t_data_stratified_data','0','PRIMARY','`id`,`tablename`','BTREE'),
('t_data_stratified_permissions','0','PRIMARY','`id`','BTREE'),
('t_data_stratified_user','0','PRIMARY','`id`,`stratifiedid`','BTREE'),
('t_data_stratified_user','1','stratifiedid','`stratifiedid`','BTREE'),
('t_exam','0','PRIMARY','`exam_id`','BTREE'),
('t_exam_exclude_user','0','PRIMARY','`exam_id`,`user_id`','BTREE'),
('t_exam_group','0','PRIMARY','`exam_id`,`group_id`','BTREE'),
('t_exam_marker','0','PRIMARY','`exam_id`,`user_id`','BTREE'),
('t_exam_papr','0','PRIMARY','`exam_id`,`papr_id`','BTREE'),
('t_exam_user','0','PRIMARY','`exam_id`,`user_id`','BTREE'),
('t_exam_user_signup','0','PRIMARY','`exam_id`,`user_id`','BTREE'),
('t_global_id','0','PRIMARY','`gid`','BTREE'),
('t_group','0','PRIMARY','`group_id`','BTREE'),
('t_invite','0','PRIMARY','`id`','BTREE'),
('t_invite_content','0','PRIMARY','`invite_content_id`','BTREE'),
('t_invite_log','0','PRIMARY','`id`','BTREE'),
('t_invite_target','0','PRIMARY','`invite_target_id`','BTREE'),
('t_message','0','PRIMARY','`msg_id`,`msg_folder`,`sender_id`,`recipients_id`','BTREE'),
('t_notice','0','PRIMARY','`notice_id`','BTREE'),
('t_option','1','Index_option_type','`qsn_type`','BTREE'),
('t_option','0','PRIMARY','`qsn_id`,`qsn_sub_id`,`qsn_item_id`,`qsn_item_sub_id`','BTREE'),
('t_option_import','1','Index_option_type','`qsn_type`','BTREE'),
('t_option_import','0','PRIMARY','`qsn_id`,`qsn_sub_id`,`qsn_item_id`,`qsn_item_sub_id`','BTREE'),
('t_paper','0','PRIMARY','`papr_id`','BTREE'),
('t_papr_content','0','PRIMARY','`papr_id`,`qsn_id`,`qsn_sub_id`','BTREE'),
('t_papr_qsn_type','0','PRIMARY','`papr_id`,`qsn_type`,`qsn_type_position`','BTREE'),
('t_papr_qsn_type_category','0','PRIMARY','`papr_id`,`qsn_type_position`,`qsn_category`','BTREE'),
('t_papr_qsn_type_level','0','PRIMARY','`papr_id`,`qsn_type_position`,`qsn_level`','BTREE'),
('t_qsn_sub_position','0','PRIMARY','`qsn_id`,`qsn_sub_id`','BTREE'),
('t_qsn_sub_position_import','0','PRIMARY','`qsn_id`,`qsn_sub_id`','BTREE'),
('t_question','1','index_qsn_category','`qsn_category`','BTREE'),
('t_question','1','index_qsn_type','`qsn_type`','BTREE'),
('t_question','0','PRIMARY','`qsn_id`,`qsn_sub_id`','BTREE'),
('t_question_import','1','index_qsn_category','`qsn_category`','BTREE'),
('t_question_import','1','index_qsn_type','`qsn_type`','BTREE'),
('t_question_import','0','PRIMARY','`qsn_id`,`qsn_sub_id`','BTREE'),
('t_rechargeable_card','0','PRIMARY','`card_id`','BTREE'),
('t_role_user','0','PRIMARY','`user_id`,`role_id`','BTREE'),
('t_setting','0','PRIMARY','`user_id`,`setting_name`','BTREE'),
('t_study_cmut_answer','0','PRIMARY','`c_a_id`','BTREE'),
('t_study_cmut_ask','1','Index_status','`status`','BTREE'),
('t_study_cmut_ask','0','PRIMARY','`c_id`','BTREE'),
('t_study_plan','0','PRIMARY','`p_id`','BTREE'),
('t_study_plan','1','p_status','`p_status`,`p_begin_tm`,`p_end_tm`','BTREE'),
('t_study_plan_course','0','PRIMARY','`p_id`,`c_id`','BTREE'),
('t_study_plan_course_condition','0','PRIMARY','`id`','BTREE'),
('t_study_plan_course_condition','1','p_id','`p_id`,`c_id`,`c_c_id`,`c_condition`','BTREE'),
('t_study_plan_exam','0','PRIMARY','`p_id`,`exam_id`','BTREE'),
('t_study_plan_group','0','PRIMARY','`p_group_id`,`t_study_plan_id`','BTREE'),
('t_study_plan_group','1','p_group_id','`p_group_id`,`t_study_plan_id`','BTREE'),
('t_study_plan_groupuser','0','PRIMARY','`p_user_id`,`p_id`','BTREE'),
('t_study_plan_user_course','0','PRIMARY','`user_id`,`p_id`,`c_id`','BTREE'),
('t_tag','0','PRIMARY','`tag_id`','BTREE'),
('t_tag_obj','0','PRIMARY','`obj_id`,`tag_id`','BTREE'),
('t_teacher','0','PRIMARY','`e_id`','BTREE'),
('t_train_group','0','PRIMARY','`t_id`','BTREE'),
('t_url_permissions_basic','1','describe','`describe`,`path`','BTREE'),
('t_url_permissions_basic','0','PRIMARY','`id`','BTREE'),
('t_url_permissions_package','1','describe','`describe`','BTREE'),
('t_url_permissions_package','0','PRIMARY','`id`','BTREE'),
('t_url_permissions_user','0','PRIMARY','`userId`','BTREE'),
('t_user','1','Idx_email','`email`','BTREE'),
('t_user','1','idx_examcard','`examcard`','BTREE'),
('t_user','1','idx_idcard','`idcard`','BTREE'),
('t_user','1','idx_username','`username`','BTREE'),
('t_user','0','PRIMARY','`user_id`','BTREE'),
('t_user_course','0','PRIMARY','`user_id`,`c_id`','BTREE'),
('t_user_courseware','0','PRIMARY','`user_id`,`w_id`','BTREE'),
('t_user_courseware_note','1','idx_user_id','`n_id`,`user_id`','BTREE'),
('t_user_courseware_note','1','idx_w_id','`w_id`','BTREE'),
('t_user_courseware_note','0','PRIMARY','`n_id`','BTREE'),
('t_user_exam','0','PRIMARY','`exam_id`,`user_id`,`exam_times`,`papr_id`','BTREE'),
('t_user_exam_answer','1','Index_user_exam_a_u','`user_id`','BTREE'),
('t_user_exam_answer','1','index_usr_exam_answer','`user_id`,`exam_id`,`papr_id`,`exam_times`','BTREE'),
('t_user_exam_answer','1','Index_usr_exam_a_pos','`qsn_type_position`','BTREE'),
('t_user_exam_answer','1','index_usr_exam_a_qid','`qsn_id`,`qsn_sub_id`','BTREE'),
('t_user_exam_answer','1','Index_usr_exam_a_qtype','`qsn_type`','BTREE'),
('t_user_exam_answer','0','PRIMARY','`qsn_id`,`user_id`,`exam_id`,`qsn_sub_id`,`papr_id`,`qsn_item_id`,`exam_times`','BTREE'),
('t_user_exam_answer_storage','1','index_usr_exam_a_s','`exam_id`,`papr_id`,`exam_times`,`user_id`','BTREE'),
('t_user_exam_answer_storage','1','index_usr_exam_a_s_pos','`qsn_type_position`','BTREE'),
('t_user_exam_answer_storage','1','index_usr_exam_a_s_qid','`qsn_id`,`qsn_sub_id`','BTREE'),
('t_user_exam_answer_storage','1','index_usr_exam_a_s_qtype','`qsn_type`','BTREE'),
('t_user_exam_answer_storage','1','index_usr_exam_a_s_u','`user_id`','BTREE'),
('t_user_exam_answer_storage','0','PRIMARY','`qsn_id`,`user_id`,`exam_id`,`qsn_sub_id`,`papr_id`,`qsn_item_id`,`exam_times`','BTREE'),
('t_user_exam_info','1','index_exam_info_qid','`qsn_id`,`qsn_sub_id`','BTREE'),
('t_user_exam_info','1','Index_exam_info_type','`qsn_type`','BTREE'),
('t_user_exam_info','1','index_uexaminfo','`user_id`','BTREE'),
('t_user_exam_info','0','PRIMARY','`user_id`,`papr_id`,`exam_id`,`exam_times`,`qsn_id`,`qsn_sub_id`','BTREE'),
('t_user_exam_monitor','0','PRIMARY','`exam_id`,`user_id`','BTREE'),
('t_user_exam_storage','1','Index_u_exam_storage','`user_id`','BTREE'),
('t_user_exam_storage','0','PRIMARY','`exam_id`,`user_id`,`exam_times`,`papr_id`','BTREE'),
('t_user_group','0','PRIMARY','`user_id`,`group_id`','BTREE'),
('t_user_learning_history','0','PRIMARY','`user_id`,`plan_id`,`course_id`,`courseware_id`,`level`','BTREE'),
('t_user_pass_teacher_rating','0','PRIMARY','`user_id`,`plan_id`,`course_id`','BTREE'),
('t_user_plan_application','0','PRIMARY','`user_id`,`p_id`','BTREE'),
('t_user_random_papr_content','0','PRIMARY','`user_id`,`papr_id`,`qsn_id`,`qsn_sub_id`,`qsn_type_position`,`exam_id`,`exam_times`','BTREE'),
('t_user_realtime_status','0','PRIMARY','`user_id`,`session_id`','HASH'),
('t_user_realtime_status','1','user_id','`user_id`,`session_id`,`expires_time`','HASH'),
('t_vote','0','PRIMARY','`vote_id`','BTREE'),
('t_vote_selection','0','PRIMARY','`selection_id`,`vote_id`','BTREE'),
('t_vote_user','0','PRIMARY','`user_id`,`vote_id`,`selection_id`','BTREE');
